{"cameraMode":{"drawMode":0,"name":"Shaded","section":"Shading Mode"},"sceneLighting":false,"audioPlay":false,"sceneViewState":{"showFog":true,"showMaterialUpdate":false,"showSkybox":true,"showFlares":true,"showImageEffects":true,"showParticleSystems":true},"in2DMode":false,"pivot":{"x":-7.812963485717773,"y":1.9755806922912598,"z":-28.928359985351564},"rotation":{"x":0.07090581208467484,"y":0.8950389623641968,"z":-0.15372826159000398,"w":0.41264608502388},"size":6.648240089416504,"orthographic":false}